0,1
0.7565692481684738,1.551993188977164
1.0698482289285918,1.5236752403261127
0.967235093240769,1.6874504720963777
0.9791555428729709,1.7288564000240427
0.7840038122754283,1.5627308291565685
0.8652790083928279,1.4974210654666784
0.8877073488874014,1.3934470251400413
1.0351549620939993,1.671304414787299
1.156412272300207,1.39789961630494
1.030303115217359,1.4305609710117755
1.131927312557228,1.707687822911608
0.8867724415134277,1.3642044939249798
1.1234093545775694,1.8369389187218077
0.9950208078194723,1.6952511406065631
1.3442269110252432,1.6581285414981335
1.1576231554478649,1.7751585317487508
1.3214611223640491,1.6378185553525348
1.3616440228623627,1.7371329894490568
1.1050107250142576,1.5688850812463973
1.2827503543666432,1.613701826543002
1.3571649155421937,1.4665950268151686
1.6112137551158607,1.4802890125263857
1.6424116957455037,1.4004012578884963
1.28113628996807,1.5663244561470826
1.4214427523794577,1.4934600111948269
1.399108066021226,1.4092250126091854
1.5189861796536852,1.5156777559682595
1.4177545180490148,1.7028499244350128
1.3756583509362863,1.6909752029992144
1.7031230652267237,1.5795463792152813
1.5267030124932182,1.6911756090536971
1.3704836260934516,1.4728378134824176
1.5713923080091703,1.2147301426171868
1.8094734017515695,1.2953370451469766
1.6627769316014849,1.4589771846729707
1.6093965994234738,1.1490599373824957
1.9027734250937898,1.2536735788308018
1.6167209074644275,1.5685959819924733
1.8385302770289285,1.4301714257116216
1.974104866356479,1.406378930287256
1.69818344583799,1.238045810071576
1.6365587709220664,1.4214303213554536
1.9401148544499034,1.2907275039648638
1.9600527477524516,1.2523327438894831
2.093978111008858,1.0323716727920442
2.1670546356735683,1.0588749912960271
1.980715681462633,1.0591000404591007
2.0119873777542137,1.1498567924209748
2.236508867513327,1.3220512739040657
2.268505694044182,1.1284672819650992
1.945303930801575,1.2814034171456763
2.06416366764652,1.1790453089529753
2.13653571562331,1.0025802199150187
2.2380626881184496,0.9086439307365313
2.164703599400121,1.3036462868093146
2.2204718855375543,1.0751393138142573
2.0390977082222745,1.1998229675790517
2.2117175567931633,1.0308507743311266
1.9701450219321313,0.8142890501963024
2.4424646140150115,0.9562332519329679
2.0726995004537745,0.8984231618038517
2.0291980530988463,0.9025390220813163
2.1543797896958004,1.1216764073514647
2.540471157609002,0.9481081191520216
2.4607715946832625,0.8226925511076828
2.237704822851698,0.8786963397715069
2.546544896648368,0.8104864497410786
2.59279670545824,0.8574539522960372
2.1616702532477285,0.7499814356097741
2.5320772627218946,0.7294493621144668
2.6177600195968607,0.4755825151728298
2.441321944295145,0.40902084337116607
2.300051355715082,0.6875839047170393
2.5064224958391184,0.7574085215281383
2.287038827485,0.690050725954581
2.5013140261612477,0.5722537647967197
2.4029122501507083,0.36170852104306705
2.4951391816359587,0.5252348621846907
2.6853635859140117,0.2118068283902333
2.477141715049634,0.20146372321082953
2.565120107434272,0.6156663893159912
2.6910644321328516,0.4416648933363651
2.747279908969786,0.2619409809005725
2.659885045436698,0.4767909648479292
2.4444375834306644,0.48382231412249044
2.611538517982423,0.20639212218607073
2.59078328303175,-0.016580025201500925
2.718305028936484,-0.08209811658537998
2.4774629486592668,0.04220651415715504
2.5593811430395967,0.14802021575929072
2.5205159665851067,0.2476950013246954
2.8312752474302925,-0.08522985238735903
2.553618842557179,0.036477025852675926
2.822039172977557,-0.025833790446831484
2.691978540426506,-0.284077859488822
2.5535092331171247,-0.1848572010180745
2.7706560875629522,-0.05646007606888054
2.5055325762420333,-0.01029602046016187
2.871226456727526,-0.39322539951032814
2.6856702722482244,-0.24826107456631724
2.849374202290979,-0.33846262262104826
2.695083260792657,-0.37193625046310996
2.537067648688218,-0.27051420172853224
2.725512643125069,-0.6319154195494018
2.5437067380160503,-0.4616952541690685
2.6203634164671654,-0.429265227797514
2.9411780020875753,-0.5395909241685239
2.617077231723922,-0.7629273891292017
2.5673189156279324,-0.3988983100751731
2.814139315927182,-0.40623212906003214
2.5277444756714704,-0.7478439753076521
2.5755675922340395,-0.8952038127083515
2.484518434335307,-0.8893927871634874
2.6991784444302582,-0.6895332563013511
2.7839092730545785,-0.8221414254980293
2.634862745384539,-1.074462081604782
2.746721266781357,-0.7862287023626822
2.6602264628059413,-0.8328368663556167
2.843254059936741,-0.7392250594519465
2.4263439516455767,-1.1085656953305438
2.7316329211925297,-0.8571016641210554
2.8057300030813734,-0.943497638471649
2.392087675955108,-0.9215497256259639
2.505475148280463,-1.1467170752130222
2.487632226477696,-1.1684284761168595
2.586592030789797,-1.410064774861467
2.44037213933319,-1.507822857086661
2.5214027112215307,-1.2060269911803327
2.748255646614614,-1.128164486703957
2.7890605707573233,-1.2504380363100744
2.5373242062526713,-1.540566374402332
2.498435109993089,-1.3018429400096843
2.262932067976838,-1.2582594320561755
2.577603716730029,-1.4707437186269834
2.523570958994221,-1.3285684300263778
2.34402874176201,-1.4544697630325132
2.666968021149917,-1.38954144523633
2.4848365564264503,-1.8704248913911616
2.555406752207314,-1.769798454103546
2.5122104275192196,-1.9097374605297681
2.317259005339946,-1.6539570193609174
2.278204334732353,-2.0308623751241237
2.1943582567621243,-1.6753048228274576
2.3836233680028545,-2.05376724341337
2.3913104927797395,-1.7133585852086353
2.4069287553248873,-1.7209454986283506
2.034960424016825,-2.121181928465738
2.0617144565323646,-1.9921242224733469
2.11983734400769,-1.9811961171236958
2.077854662001056,-1.983837185821795
1.9634509160133438,-2.2385304166694473
2.310584231229186,-2.1423931306732147
2.2125497184243725,-2.3996448868788347
2.0599730129607763,-2.340761362746928
1.912011793939334,-2.2643946762296565
1.7694462020173,-2.357605390453842
2.2081281823297005,-2.5435010387950787
1.8718523669182456,-2.301773521074595
1.9703385275142353,-2.485862820719851
1.6407930176437815,-2.318147049967336
1.6976410141887222,-2.214688458346035
1.707225071559028,-2.3597465760890173
1.7227512743586328,-2.3456201902849587
1.6037798346548722,-2.646808476921868
1.6855050564526073,-2.5164365492583314
1.713829208497039,-2.80293598920068
1.5374898069069451,-2.4868798615967953
1.8029306761138184,-2.469763127004933
1.6165439238737842,-2.731505041777727
1.7471122733795277,-2.6615828323785773
1.6363118046479235,-2.9332322551938437
1.6082142392588104,-2.680968597840807
1.3811113218122368,-2.860027727326009
1.5719890179236709,-2.865327989758588
1.5600170721569055,-3.0406351641310274
1.5527924003113327,-2.9090633917156614
1.1949576277916079,-3.037541529903751
1.2450912287017744,-2.943726287286829
1.2083620614744826,-2.8427844805724933
1.3792553960616658,-2.998129458821989
1.1838308321975415,-3.0493646647157506
0.9601646786280771,-2.972527586432191
1.2158824406483664,-2.9514171120306294
0.8721564735016905,-2.944592583818917
1.1628212204155175,-2.9603068958210255
0.8508495336362849,-3.0730296859730912
0.6966534052663371,-2.897561706286702
1.0168708215960807,-2.878943024949929
0.9017770944669214,-3.243710644244021
0.48674083296367837,-3.212970543196373
0.6131311183868459,-3.3745045198219734
0.6210516456209608,-3.010341969050667
0.6090146429426517,-3.3807890860252225
0.4998654900806825,-3.3509310000619275
0.45104196253945655,-3.152616281061191
0.41243490370971625,-3.3031232183847057
0.4266046586474843,-3.4985586921473577
0.5640950247770353,-3.146673738640972
0.16340028908980553,-3.4252959346321354
0.28109129277842,-3.1998712353534104
0.06073393206528509,-3.433585482737633
0.17815791079085072,-3.1731757877380797
0.07700387052182595,-3.298440427176364
-0.0010589471863386435,-3.373295253075052
0.04913790456902378,-3.306185656638463
0.033384305689043436,-3.2751574323506123
-0.3314483087545242,-3.428820473071652
-0.37257290506721646,-3.4973778987309534
-0.062114778623968525,-3.2532527580993857
-0.14361155377264312,-3.300791293013698
-0.3203786605122909,-3.2215858318898682
-0.25780290527627847,-3.3042186640071787
-0.2761007866691572,-3.252648515257035
-0.48324590852818966,-3.355463915676491
-0.719389117330486,-3.198778430294623
-0.7672400372648224,-3.476697004943703
-0.7377214483718947,-3.1198017671135374
-0.4436672867205771,-3.389341714750181
-0.6785114644933541,-3.4854714872694084
-0.5473171046752973,-3.473336762235252
-1.0122383564151403,-3.4529506998834756
-0.889152217539044,-3.421211773787073
-0.713488939059777,-3.092956734470286
-1.0833421889238837,-3.1695326896251825
-1.240184822033087,-3.1830128854144273
-0.9446582652685163,-3.3540252060197058
-1.0184882863141393,-3.4904137097583536
-1.2505975880199143,-3.1638897320442565
-1.0022158937587058,-3.4091464460082856
-1.2568932667790074,-3.2910520242605203
-1.1599966513405926,-3.2994436938916616
-1.2108378154371393,-3.1228079461673603
-1.4506004241211796,-3.2095966806035756
-1.6627654495820743,-3.079937864590171
-1.7834476327067867,-3.254139533858679
-1.3952659332414354,-3.2726085497606525
-1.437740812368338,-3.0492378369054802
-1.7743250642634627,-3.384869513141555
-1.7455612456610168,-3.3112470638284366
-1.9933582014168536,-2.982423597247325
-2.0672261298573313,-3.2539585418480863
-1.950579036659942,-3.184344107757499
-1.9063981080754675,-3.0020047942961057
-2.1834857539462273,-3.261927913971031
-1.894483129941446,-3.2342362558733337
-2.050490257545217,-2.940973287461917
-2.3835422162393387,-3.0572919549064257
-2.0243560088353596,-2.9241523391949524
-2.217279834887385,-2.9177297376636036
-2.0583040885078874,-2.775386642502842
-2.5756739716724537,-2.6363211676799008
-2.4138094909644905,-2.8589449079020968
-2.296051207074586,-2.995755324179248
-2.5039390963409356,-2.971233125888719
-2.30729380131211,-2.9305585497567845
-2.5993840345173305,-2.800323440410916
-2.7680327759658407,-2.684791093823788
-2.4888642304874695,-2.8381677070309244
-2.7007755718005577,-2.6454750737843518
-2.9026588207703226,-2.809263183437766
-2.629436504485592,-2.798792844437351
-2.6395245477529095,-2.371167822749321
-2.6886232901844425,-2.5220882925687196
-3.0041203928560476,-2.4615577219947995
-2.8752979700743073,-2.4825612468256675
-2.9572304028624075,-2.430750335544866
-3.304569943616652,-2.2083104609554747
-3.036424384395942,-2.1189531216488855
-3.036374369537111,-2.386798970065312
-3.1320187267565527,-2.3719373240209065
-3.4098103233858867,-1.9419890637937138
-3.3034169446741526,-2.121252053968808
-3.3769052891874263,-1.8630637734525528
-3.362349750353716,-2.2616758432172803
-3.4006265424760644,-1.9743014375417829
-3.4451600275642362,-1.7362313239411118
-3.701859739996119,-2.0901766826252377
-3.5579181560340825,-1.735839905638083
-3.818160768186142,-1.707482176862801
-3.754526703398864,-1.708753552077006
-3.468490646248728,-1.9502465197948684
-3.702589969889587,-1.691218367356032
-3.6092605292425013,-1.8474805620870434
-3.5931906189929084,-1.346003395249048
-3.893261889003136,-1.5708737680112752
-3.7235306302931743,-1.4334926107961607
-3.9534620667087275,-1.494219007145177
-3.66908857515808,-1.1192968756660866
-3.8359616361774242,-1.1667491232415121
-3.7956483937348806,-1.0911719282768466
-4.056057825025364,-1.3321332220681443
-3.8416418072394527,-1.2872967761877
-4.212336033667679,-0.9052914298646149
-4.091653350812668,-0.8500475319452357
-3.8985321339968046,-1.204365523149497
-3.9942278803622817,-1.1725105292347684
-3.9685368575246978,-0.6656013117690118
-3.954916072913194,-0.6746285529857925
-4.023849206775561,-0.7267983660743395
-4.288986636291296,-0.8562350910441334
-4.478126179684197,-0.7820547654384697
-4.241787728956844,-0.5026614671427474
-4.4944834185290965,-0.42455129872543196
-4.533595556736405,-0.6685270490585883
-4.440531371526301,-0.30554646593925033
-4.2767004577230034,-0.25540989961707905
-4.19494026576685,-0.40850015533041384
-4.265348555294852,-0.048177616122585754
-4.175019330239578,-0.003335781769272017
-4.435918560006564,-0.22538503294726253
-4.344190902039522,-0.20766105246027444
-4.609206198737499,-0.11573921460501155
-4.662165591446762,0.09024733852487593
-4.474635843684741,0.1412521135192744
-4.3339284143971835,0.29557731212917515
-4.53538411541455,0.39288129492933516
-4.642814307538338,0.30883095595357446
-4.5349472288310695,0.5969712936304503
-4.364575594379419,0.6814384101713564
-4.740186391741646,0.48426628056946885
-4.33325538649792,0.4383088246919655
-4.601993380277561,0.7119974323017969
-4.4874150658417244,0.7608211535303993
-4.312527808873146,0.91540276569501
-4.765238865144214,0.8323984861610279
-4.520190045898191,1.1981093067081008
-4.748644315612095,0.7906134961165823
-4.524643025662471,1.2196940342764058
-4.738875945438327,1.2230255351155508
-4.760500230615986,1.0738928300121908
-4.395383579795118,1.2199425872880312
-4.710271468901248,1.4674275524348177
-4.627488949287381,1.460881592800753
-4.361602433979761,1.30058624556276
-4.321484716584159,1.7645771059043451
-4.3128985632859695,1.6962704615847644
-4.238122079171599,1.7703374055774814
-4.264102380402151,1.7335512134096742
-4.250685674850083,1.5993514937693583
-4.2289971095326075,1.8444259054286443
-4.5948506875644375,1.7979900656866499
-4.427964920160291,1.8275151978877735
-4.200215171483089,1.9221459369811311
-4.172985602187272,2.013284811693198
-4.189799875638114,2.1773225924784323
-4.141912884723634,2.155175067626135
-4.2614308407538735,2.3347052439076923
-4.508881143928761,2.635692469956158
-4.410675797460386,2.457550251249749
-4.362188337090514,2.3988673871084396
-4.383558092413965,2.673204517996517
-4.153412533254276,2.475439649448644
-4.00597364678156,2.905105402637192
-4.24026290571449,2.601404393622477
-4.024671207248382,2.6635004665244253
-4.318953840356622,2.9692188527873355
-3.9260155474240865,2.969135758345195
-4.052089987418071,3.1237230051939657
-3.9122431931638015,3.0288860408762543
-4.158486552505626,2.987889905361804
-4.105467181807809,3.222898793111316
-4.073726869502096,3.4918118006997076
-3.8608061631608286,3.301937609398958
-3.7563034348908277,3.5248099870432714
-3.5972106293050974,3.3257648829625737
-3.9457307402127464,3.826266343461636
-3.8792959101036653,3.4852674198947478
-3.795804462136406,3.7743289485341105
-3.8421667855334976,3.516334131040165
-3.7480031990451033,4.025528669720716
-3.3711717028134327,3.6759968049343703
-3.352521806055825,3.785678264547285
-3.3890846389949094,3.7565847674405894
-3.4223316540266473,4.239236547451454
-3.4342985057065487,4.0297572714448915
-3.323281913296564,4.3491274729936436
-3.442874741361776,4.238621579332683
-3.160694228092428,4.4252791116039
-3.3462289057886663,4.525288640496286
-3.2438634157894364,4.198844375316686
-3.1328042272197996,4.629229529845778
-2.819684583155324,4.6950727978309965
-3.1182167734800754,4.5220870261786965
-2.8548497975737486,4.5393147470524475
-2.6839840778365422,4.583276256222312
-2.6778305329740815,4.746333873368547
-2.718921879414201,4.831622493694768
-2.5715338951195124,4.59551875303601
-2.5885147076109396,5.105950636914627
-2.8317102513052426,5.08902325308325
-2.476728585476965,4.835836041740335
-2.4216687110343544,5.023913522140381
-2.241792872838719,4.887621128436334
-2.420372586606505,5.171415944580457
-2.3876558098845426,5.259173907581456
-2.2820515675368536,5.381779993163575
-2.3289112887742696,5.327238123356571
-1.962306333152064,5.475141325466955
-1.9775658310771926,5.280785651841041
-2.2306806700314423,5.431625031061815
-2.1521172755490787,5.321301138863003
-1.9538419367523692,5.408491834149331
-1.7360911485748307,5.545731216897973
-1.5616400460982376,5.570303310706248
-1.9199982456994453,5.651487165578556
-1.558351836441055,5.363084220538923
-1.299613747747359,5.553545152022961
-1.6145483636137548,5.721840759504356
-1.6340855726349857,5.780976125603433
-1.2279164099607451,5.863099075181698
-1.0541981312769606,5.975481390994709
-1.091351746213816,5.539825566654805
-1.1158842191911003,5.822751997950564
-0.83075227233975,5.773841599285731
-0.9749082985545872,5.944707029966495
-0.9313210232154006,5.896589830664037
-0.5870244011125783,5.874277096383573
-0.5104384829623205,6.090629688234196
-0.5462662618954347,6.092719798525758
-0.47334574267770335,5.813849257184821
-0.3984927929330603,6.1018037490754145
-0.5453074039690597,5.914159363158319
-0.11939602918753905,6.144296911550907
-0.4204398750456791,5.821515484892597
-0.30535418894584904,5.905527523267611
0.1022055572750254,6.201986249395769
0.1792775171642244,5.9947584846013156
0.16573167457640123,6.012545177040863
0.0705356113528513,6.013828062546711
0.22791893615727685,6.141318992674216
0.4324526926180453,5.972661378695737
0.1450346979169686,6.14230759730487
0.20974568173732352,6.243840108688608
0.29445401392174364,6.191791071127952
0.6339382086198944,6.330383562638446
0.5880803360006953,6.378083262382685
0.9108492332469327,6.244034488894811
0.9555890987013564,6.079855078208481
1.15959070799333,6.388220694618303
0.9565849612227055,6.016612484918336
1.2237779831236797,6.200685358846485
1.052047109616954,5.946304256941365
1.1098278523462195,6.1127826463372585
1.4791923363316013,6.173202020999929
1.5665540784586958,6.224611289686039
1.4024599773194233,6.048208947556576
1.6357674907290105,6.115916787559349
1.6420383858449348,6.111116350664323
1.9977754260473777,6.166266029074718
2.039593067072193,6.283430807816918
1.8729865914402541,6.132311029160426
1.9542865550896753,5.9096705837194365
2.289428516864024,6.09060734612287
2.2209302292531548,6.171757999310401
2.0269460118759244,6.27750855480998
2.34244003318354,6.210790469602296
2.307819743843467,6.176234115811683
2.3689335471985076,5.832152819821306
2.659803503267284,6.001669365949341
2.8104649384120433,6.176483483989773
2.7098242014791953,5.87701771814685
2.823529397144073,6.105443537142003
2.836450049190156,5.67570947936044
3.0413082077699736,5.9601015257632035
3.023478955625725,5.826354700541921
3.220598667537031,5.791830278833235
3.4800973739577743,5.557516393725751
3.2088358994567714,5.575098128111675
3.437387510768663,5.832056593001363
3.460364020264879,5.679813237686104
3.613039914663403,5.860171861276775
3.734196710450815,5.803448765012743
3.7924990310921194,5.59761804412288
3.977728276398531,5.3618569040052035
3.8969784156106346,5.470766712297502
3.7529469729127793,5.6513803057174625
3.83744942900918,5.367885952349786
4.000277124995481,5.309077384438915
4.101315189648023,5.063922568537831
4.156137293013411,5.1650134912788355
4.164749676214599,4.996869915708033
4.4571999430309805,5.235450497327554
4.230002210600346,5.242240740106016
4.475580531060888,5.158538660850861
4.766166461568534,5.0910797279999604
4.5660084392305365,4.792669662351953
4.541852033130478,4.96078148001941
4.733312237226374,4.6165081706461715
4.983385990149138,4.573279492121206
5.195206563365442,4.49208128848334
4.847676467105035,4.646794024291157
5.253690747342494,4.8242226360260165
5.050853564807955,4.713098072464388
5.306862773474794,4.684529714567371
5.1950762887917445,4.539873245313303
5.324039631850953,4.4511743892609905
5.529955306220754,4.361880261521174
5.275896489856862,4.356600244099438
5.433942977684332,4.316822069814544
5.542011399437888,4.09555258795861
5.446779448264246,4.234889415796702
5.961813201485629,3.932833145866296
5.639184629739011,3.863958350572651
6.010735636644505,3.634834934402675
6.007379868768331,3.961406596561548
5.864031956380787,3.5593114085442603
6.089827433131855,3.5066101771410856
5.997005765019875,3.5390713905635613
6.339348660693553,3.262601083064784
6.274483043080773,3.3769247263876876
6.370023133890596,3.2483784953544728
6.041856503107212,3.0241938997360593
6.504880954799201,3.00400218198562
6.373399665582602,2.9889787395236005
6.368733424325339,2.9357840439786336
6.283441308581586,3.008752437300628
6.474721767653428,2.8534937484619025
6.524740502698934,2.918748656839579
6.668363792722006,2.464639178282543
6.60584281008087,2.359811809809214
6.6686291372062945,2.7439198051186966
6.830407960892265,2.2099436597837654
6.797443622857081,2.162142293822433
6.801137097387751,2.1604325572904264
6.81667436679905,1.936386797927633
6.699931572601844,1.991869109923297
6.65237333355551,2.058314491298932
6.79853140316872,1.7749748557994418
7.189609997186436,1.6346964644724782
6.8538047195335015,1.9152078862049868
7.052175315379663,1.8595239943286344
6.901204056326453,1.510787215427886
6.966245643027999,1.3002532216284002
7.268437106813173,1.4253636261367237
7.3061846610615016,1.1618158430131091
7.261516812321759,1.4136642169630513
7.213961960397126,1.3000389372752104
7.015662164310226,1.186645140637259
7.165721139697317,0.8551956490813281
7.448006494080697,0.7082314324841159
7.032345811638499,0.5560758339374134
7.384675209833109,0.5893954062864395
7.2285615096262195,0.6148426334633892
7.281643966659017,0.19388540123183007
7.4721285329286635,0.2284596171339277
7.449717338120496,0.4123332569913902
7.51051748921756,0.06256281810943237
7.587082781039467,-0.008153786949799346
7.376215627004107,0.04576325875691406
7.194570400307572,-0.37645616816019983
7.357714379291993,-0.36396628709788964
7.252984392266345,-0.5876061289008186
7.120358968882176,-0.5757738470896276
7.59442615319523,-0.7426724765443264
7.244778712955572,-0.6406182771684445
7.362611759349012,-0.7386674256281569
7.1583811629130505,-0.9282641197682358
7.174596327703645,-0.947852937868692
7.236795064386886,-1.282865293782045
7.3166546001761965,-1.285130340381453
7.134564430169968,-1.279076335903027
7.145536921946076,-1.4045955054177859
7.175564551713055,-1.5786861308400346
7.036616593943303,-1.7276644023527747
7.0498296361588375,-1.5698910293227284
7.318372594663015,-1.4828616689959726
7.206206124786654,-1.6021790968667886
7.0563191532148775,-1.768675599419324
7.2491539931858675,-2.078718549786927
7.368213803533477,-2.0336158014139922
7.081540873881213,-2.1912511482715304
7.0755949821427695,-2.530927370428781
7.132952498025256,-2.4258272781903716
6.970547579573676,-2.5866950293095257
6.88006870824796,-2.4954357011189825
6.785703428577017,-2.4772368870381665
7.164912895402203,-2.7523827852275886
6.86973371805526,-3.137175455908242
6.964129244805915,-3.2028616804025942
6.775764790807192,-2.855720401195522
6.641151397173527,-3.1157799767638426
6.559008375978671,-3.1831446780828645
6.871964622981203,-3.1956301852455034
6.742871257005612,-3.645200162416747
6.753291341865816,-3.7282068234159786
6.801245907559732,-3.6966513121987807
6.413193454895225,-3.7432807778223447
6.347382081231568,-3.6918563106632227
6.4688166458903735,-4.056035445106649
6.51688819379766,-3.8427800416163507
6.173502291324072,-4.177739611731008
6.154419196816967,-4.357195401625358
6.302223275113568,-4.496090803436095
6.346690019690847,-4.5871399903076675
6.08835382416306,-4.670999849290519
6.32085780139499,-4.589600112274087
6.261969901778011,-4.754008070773429
6.229035796618496,-4.5158937679834095
6.006405273076699,-4.815971967905997
5.803443234348892,-4.998588406551031
5.888370331284745,-5.0971626591893555
5.885622203953705,-4.861396845937829
5.448790607358643,-5.039843905991349
5.437482308808823,-5.438962079395106
5.6311921525802315,-5.195444415507257
5.685236705645649,-5.5704517172738
5.5982804055063085,-5.322908761673134
5.2129565989630295,-5.744332879909049
5.243807721908135,-5.428499512133265
5.097141186327848,-5.7057069105036105
5.02059326859134,-5.587270575389921
5.231011478389735,-6.022327494005336
4.883220237561398,-6.12308934339428
4.867846102301645,-6.180155681742394
4.721318694184366,-5.881980826109475
4.696216001520863,-5.941302020918786
4.578052558619265,-6.011356497917295
4.492626230669406,-6.415794668750179
4.5430899416515755,-6.4381174357702475
4.604326566531193,-6.269507225178698
4.36314110130592,-6.5855447707532635
4.184023719906526,-6.392381542824166
4.061354492422386,-6.5630640261797355
4.227499627699966,-6.548134790507379
4.198685902531712,-6.715540875795528
4.077136830249808,-6.579152519675633
3.9764564318230704,-6.770378880439997
3.619900387915077,-6.853208168425444
3.7195915327591953,-6.81291278405006
3.617285068710813,-6.9154347142208055
3.2751010693238025,-6.871579957915971
3.209580564142155,-7.317199895675434
3.0186985703009004,-7.036071462163504
3.0302912896141248,-6.939850451565577
2.7868028378602503,-7.3823070699457665
2.78643912714191,-7.372221880859505
3.069732882204223,-7.2243989602792364
2.9037001030806766,-7.331750880924778
2.442550427422087,-7.647464171934875
2.53944264386809,-7.354565971428907
2.4334197315756207,-7.358203101430276
2.191102899229381,-7.299771223369418
2.4665313352423617,-7.612093526913494
2.204676616973619,-7.819082956805932
2.2229254338437636,-7.773338585641454
1.6970169894294693,-7.529827222374089
2.035302292570907,-7.8573072538270745
1.8383312576068112,-7.742094568913123
1.380203397230042,-7.627580678763684
1.2568478581116123,-7.721614452720076
1.1910269399261348,-7.710352537940359
1.2795972551789716,-7.6450039821450035
0.998694783270631,-7.985283220488214
0.9962802225176661,-7.8907942641752555
1.0407623411866456,-7.79947666290286
0.9634252750256613,-7.818687667607405
0.7141431407786724,-7.952366251531069
0.5119886681767345,-7.934754296711096
0.5304542934680279,-7.910157884260001
0.3511398538601598,-7.837581720481252
0.26867308000979095,-7.74716294382827
0.0956407719066903,-8.24974405415516
0.10978230830266703,-8.257058473886289
-0.00677936932410933,-8.20696247260965
-0.3328442698816705,-7.962951894431059
-0.31499187412951085,-7.946980612204284
-0.35736640854294366,-7.808912590156913
-0.7114054390648121,-7.907349191559879
-0.5612551339259224,-8.133370070541934
-0.8630612446446727,-7.829319837166623
-1.0046276896225526,-7.827553739045639
-0.9770184919913643,-8.164793761108564
-1.1799441208438968,-7.886595810528502
-1.2433120693801782,-8.166616864682073
-1.4903346650655225,-7.939072512551241
-1.2700636795264075,-7.974716872881302
-1.3990240785256423,-8.149579819124721
-1.6515792754645904,-7.744323725695838
-1.8189478593766633,-7.700985312249626
-1.9588848190944066,-7.805999018801439
-1.9002233766235128,-7.74372000351398
-1.952219660998828,-7.668651111508378
-2.3680903910094964,-8.0623847871134
-2.294181483838044,-7.894101701142298
-2.697436066657689,-7.812072290842983
-2.3430758437277657,-7.613606989638821
-2.6803542140631955,-7.578595231865835
-2.977189814468884,-7.8640368440135004
-3.1167674095906803,-7.908896241389942
-2.968998254750176,-7.657834714111405
-2.9411399795519855,-7.704280191736608
-3.420380056421114,-7.552912710175229
-3.110196731567764,-7.4772477228187775
-3.496684693668958,-7.688542983773129
-3.5525553586361545,-7.222522306619828
-3.4749798448502602,-7.258379488162414
-3.7406819971784424,-7.394646162558959
-3.8221119356720354,-7.130622854850141
-4.0228042789067,-7.194407095792014
-4.091080791761258,-6.988302105487674
-3.976442725671033,-7.357918649369214
-4.49758652037128,-6.904740383506918
-4.512730154798691,-7.054912212262336
-4.436627893007467,-6.781541761262358
-4.477156638111557,-6.95070792671387
-4.833259480696736,-6.983340722018711
-4.866553713141741,-7.030435646955102
-5.111690738007008,-6.542450380273862
-5.191615779846643,-6.5416119429422
-5.158515016666029,-6.7982442930814795
-5.341201844711604,-6.321156205959335
-5.459636396178775,-6.682010062728392
-5.213342923919625,-6.199460664188775
-5.67728638643031,-6.503978731764064
-5.840107118405426,-6.262557460821085
-5.750355019702026,-6.3882768396832805
-5.733422005696252,-6.057364342725369
-6.04668803467187,-5.8198230389431815
-6.254858564641521,-5.772004813832783
-6.185940605039285,-5.832517861428044
-6.394598625822048,-6.038377753212857
-6.129030727678256,-5.61585385778364
-6.299893819477553,-5.437316601222681
-6.479469456693929,-5.659170800519501
-6.3308916701041404,-5.4885206591351094
-6.4528253164644775,-5.531180401059374
-6.578578368738513,-5.405987816839033
-6.8951047468943765,-5.2511052164759215
-6.986505054243237,-5.181532598140834
-7.000167468564737,-4.831392602569432
-6.901290963450573,-5.042466854140269
-7.23662010801456,-4.76935929642778
-7.13456019344282,-4.727856965316022
-7.510129034407212,-4.772257909765611
-7.355715292364523,-4.519958796721587
-7.355988975091656,-4.69181034640639
-7.712379038079035,-4.488503924799201
-7.418208415710716,-4.156144100215102
-7.640307116557001,-3.968479208291268
-7.662131519851867,-4.060785176689723
-7.83067453469903,-4.097175354056118
-7.818968008598186,-3.6568417914711873
-8.026285310392785,-3.8571451197249083
-7.903980235470987,-3.5992142219864505
-8.074248031631209,-3.646790952795438
-8.164125829401959,-3.3555986720719244
-8.021778264568592,-3.2404745213574113
-8.022521456040858,-3.2309820792713673
-8.396177134711357,-3.1883862620439807
-8.457358019816166,-3.138421554487344
-8.334981662966996,-2.920862963892624
-8.184922892078164,-2.9846897614770094
-8.658776435871369,-2.8104207978124127
-8.704333311715843,-2.3174626623596
-8.567989086525401,-2.2864475436792753
-8.68440041511441,-2.4039747827817792
-8.897243007058602,-2.3655337411875843
-8.736241766542703,-2.1566773409931446
-8.524170947285718,-2.164035792288551
-8.700838436564931,-1.5871882170908278
-8.991434720503674,-1.5436201398093985
-8.996246362974265,-1.8004273833317441
-9.120505828131632,-1.370121058355452
-8.896790387092672,-1.19629961555848
-8.985916864049708,-1.2928423260296042
-8.837074303493464,-1.1679560325565437
-9.00576464691528,-1.1665214611860182
-8.802163395951773,-1.0100398163302062
-8.888253146139478,-0.8404819044631735
-9.100529503935572,-0.3240097464751017
-9.129581892096978,-0.5268122080708184
-9.208784856382529,-0.30257715880164165
-9.163522734969032,-0.3696584662013833
-9.305510455760551,-0.017777207512302107
-8.95512496844311,0.23189676660622055
-9.166142465991523,-0.0329749565625079
-8.985893555232705,0.5039622018390597
-9.074310036303082,0.5289018767142033
-9.306924816765735,0.3777001764829845
-9.223012397106288,0.6127028583057377
-8.975390167307287,1.024913541567096
-9.126569978577809,0.9568785775238857
-9.162820596854896,1.2456279887565
-9.263596796114577,1.3202458563904202
-8.968910284838998,1.2505626143171433
-9.170185336322202,1.675343765617435
-8.997528749256293,1.7200676146233127
-9.16964676390761,1.7593140488121337
-8.960775949010417,2.043576752361581
-9.034033373838595,1.9845870319860266
-8.976596987488207,2.021725262166492
-9.134494686086475,2.175523661569299
-9.175251351378954,2.422577632624598
-9.097732244064634,2.3447757202153787
-8.910611661102962,2.5624047939130246
-8.96147669731555,2.6078606019828774
-9.041542233479586,3.076420163588902
-8.770520541508125,2.864730139113544
-8.937913980124307,3.214250161754856
-9.024305108723368,3.0741931524827466
-8.662057687179898,3.640888644794276
-8.77153306347557,3.7722199890148955
-8.841364492532424,3.853104855394044
-8.779532421287614,3.6528054577964473
-8.493871665385708,3.9105202949998557
-8.623694949968069,4.080682331519122
-8.644996869017609,4.382279240498853
-8.7359093583063,4.234203690649621
-8.59103454385614,4.531431517684354
-8.625699547818282,4.633965439951185
-8.275844864262364,4.536079996175608
-8.607491521621546,4.6370865418962754
-8.347413557040191,5.087825972354159
-8.464496125139055,4.909471374147018
-8.332288721461289,5.051197313917632
-8.382777485029477,5.094446755677814
-8.367420829901697,5.395161307512901
-7.970518514907524,5.568876115144586
-7.836004536089381,5.832546213915919
-8.039168447466063,5.942336272284356
-8.085917430901311,5.694748208905992
-8.000562280233302,5.846639911208941
-7.692080330773612,6.144560138951082
-7.743751414806014,6.3849947763126735
-7.328988598167687,6.494828107160989
-7.452817140869709,6.3453117364260665
-7.5034672223704115,6.679934381609383
-7.1668569694038515,6.782099728886723
-7.48286812434401,6.694941221150804
-7.416360703326204,6.742287627333766
-7.215182931811333,7.04531741036025
-7.08287331940773,6.906401874484688
-6.688347367617919,7.212552622266916
-6.594201013784839,7.466676830909421
-6.740200229394331,7.466616693534301
-6.771744733694831,7.70121742798562
-6.411874082215718,7.6816753124580055
-6.274165201730518,7.73537480329159
-6.370567052563692,7.939312321564032
-6.198674846500101,7.910598305505823
-6.15937813888527,8.21067560783923
-6.054582187116777,7.922491893955608
-6.09177155827098,8.225414308414999
-6.081910301595912,8.20938317568039
-5.55409985102048,8.401945251134622
-5.46317900471745,8.280143567176241
-5.335199746603831,8.77785128669455
-5.49761115921724,8.765056534127527
-5.297934606389268,8.602330224842714
-5.374298669315069,9.015033106937697
-5.312233985272341,8.769117195976575
-5.108140242907068,8.867737013300529
-4.717551853502936,8.989884696867659
-4.924320393667123,9.00874887719817
-4.595219011364049,9.39864574766292
-4.478137452937567,9.218569255050443
-4.556346656636877,9.35782124815533
-4.085187901281479,9.679851670474608
-3.9559099530330704,9.386204931718403
-4.155983078930792,9.479299336782566
-4.090044170764724,9.825064825938806
-3.8976240726014306,9.655378639044121
-3.7002971477336586,9.57479818701495
-3.6327805697192828,9.639242228824825
-3.4792719092582702,9.6655150343593
-3.3931122485698966,9.937435005969252
-3.370621798407077,10.050761325077726
-3.219024696652613,10.321930202237981
-2.7462869182879763,9.893563573068219
-2.757736324354701,10.259539895370917
-2.4288110298441494,10.25386886840438
-2.504106848030785,10.359762334030583
-2.403020326807429,10.499691620836506
-2.0920887861398363,10.14810698356254
-1.9164290102204067,10.331625532415982
-1.761541697856106,10.460713789160721
-1.6997148653207497,10.613304024646563
-1.5219381732174468,10.503649204034728
-1.5299250404560012,10.799139387823095
-1.3428879284748347,10.528140817150309
-1.091471879464129,10.543683539609825
-1.3178243103176706,10.66188198420048
-1.232753480213754,10.707594709787857
-0.6354284447729186,10.774030368810006
-0.9093465169558743,10.575962756499719
-0.7789860861622666,10.925741368289106
-0.23323640360882458,10.801618146421411
-0.29736464634857085,10.720394834108706
-0.1075730221558166,10.738071378592805
-0.05260800357729284,10.945655621736053
-0.011253292057142358,11.016223903846365
0.17510998279709067,11.09881730000159
0.27491305366516244,11.027802002436811
0.6147893598992986,10.657213903315219
0.7552974224223417,10.951566823492076
0.7603801192626478,11.06321826050169
1.1336617511737301,11.090027898510167
1.1932073022224459,11.109469549868631
1.5465563906677382,10.809677064835986
1.4516708467474668,10.947968519907768
1.605708245561312,10.860818838259286
1.5924806527166533,11.055289206887904
1.711182668872382,10.779322578579945
1.8819291109983416,10.938897326517838
1.9955211028113906,10.653898724582502
2.401502112756339,10.991792684361265
2.436830309383673,10.627720766524437
2.7237947779190326,10.508973672436397
2.612750616149656,10.95860387763579
2.6932023271898013,10.672370685221098
2.8319550426797373,10.867848777262163
3.0899753718764535,10.61393259464977
3.59936753957188,10.791871624009787
3.713275247222411,10.663270983497938
3.80348014124083,10.381128760817408
3.7414156022628147,10.724529795240574
4.106801240150614,10.5135960346504
4.011818039800135,10.417247151096223
4.034129248764285,10.4669979034817
4.44839525904375,10.579320899714302
4.714082232700116,10.525814564670462
4.476525872307454,10.131616727095551
4.563666126162937,10.06809341433068
4.926355170250774,10.245155877623542
4.8504816049733,10.21005179826805
5.37056045642682,9.788645292314158
5.151021625544213,10.205121295589537
5.345300403121925,9.957322430140351
5.48277977439984,9.907738332118996
5.671724090889434,9.794596607792249
5.974714574104763,9.53101305459589
5.823572583348238,9.696118940950248
6.031572952043026,9.352052355250677
6.205234148234467,9.70458189093756
6.418209804465821,9.412543898312704
6.7515361223412755,9.221373718451298
6.759216722775142,9.177126825271879
7.001626370793148,9.305372170719833
7.109205397506055,9.27166877481577
7.076292563763466,9.150923044589293
7.227466753819481,9.025804493389064
7.419930246608767,9.034759146331794
7.370871730029643,8.648675703083082
7.668080213420801,8.549580636109708
7.8248272022213285,8.659816852566342
7.8231308821952315,8.521363493160171
7.74221393776536,8.141978583101
8.199532345110574,8.285373333448911
8.137301837766692,8.08138525577703
8.317459187504106,8.237848418170033
8.384970590598474,7.76460756872015
8.586015504919601,7.946874532015473
8.410573979406632,7.75144645626685
8.459842114989932,7.472918278918302
8.923718088446256,7.676123277619218
8.745715649735526,7.565128391972928
9.117359696634665,7.497662230141964
9.12935506075684,7.115932574621659
9.410219063138783,7.169354465214879
9.473315509799564,6.894743654783978
9.591312416325348,7.124360882821052
9.719894327758826,6.670105555173566
9.548849173488303,6.759380241879991
9.461421889262587,6.3218322461557825
9.68169694151285,6.311929359168176
10.100780182644503,6.053248867097424
9.99665583809821,5.911299319755589
10.004930520498913,6.018827889529651
10.152991319728569,5.952443838542072
10.197565318412698,5.512534566570869
10.324608444574524,5.595782213808818
10.239445623297742,5.4351988650360985
10.306293621684967,5.292399906522338
10.510717723897939,5.427727500165311
10.513702367798993,5.157469309385611
10.55965445165668,4.758628487182263
10.676588570411297,4.724729418497644
10.728284282412046,4.423586423629961
11.150931337056235,4.481914435053468
11.21832038762015,4.334628281470293
10.843153758737673,4.198156460845395
11.050508413376122,4.293995453848064
11.095647302078298,3.810971111389372
11.077249021066054,3.725485271702892
11.272779528541392,3.5365552836140566
11.39417483081744,3.2981251292110745
11.183596968668807,3.307623434090853
11.31808075454693,3.1106000480629588
11.733204092167261,3.024962733495036
11.598649479534549,3.117281721546563
11.34716446676365,2.6524019903308966
11.411943873642777,2.7093677198107313
11.635983349926619,2.296018681620619
11.946316385048855,2.108540537716462
11.514267229905434,2.2140550064394047
11.79177702863245,2.161947734644399
11.81936497568937,2.0007330616388463
11.91213345700795,1.4217092919472643
11.88198310712993,1.2696973089235806
11.880303578534246,1.2836211616918871
-0.3656655136517251,-1.0264698921379805
-0.30658454548468095,-1.3143383693892865
-0.6085483249119203,-1.1119391801170968
-0.45600420513232054,-1.1364634362155281
-0.29995360370320073,-1.2699898850602889
-0.5882307225449305,-0.8798463110925507
-0.741484035942438,-1.2421971012238984
-0.7361543382217148,-1.0289741443356442
-0.7899075312977684,-0.8999471721051846
-0.6630193234954789,-1.223549215253788
-0.8338853219348483,-0.9172202997942662
-0.48803338868535007,-1.024274121111283
-0.7090862836398637,-1.2355899385270848
-0.8614627831214035,-1.3023041709760028
-0.48455160365905964,-1.1780199865683225
-0.8382009744168494,-1.019550699138358
-0.5999423872477829,-1.0787201478032244
-0.5597072340727252,-1.1336473003447634
-0.9216562433647335,-1.1603315897647302
-0.8329219454775028,-1.303912221601407
-0.7373738187177306,-0.8350286510079259
-0.8425010870098146,-1.2059551660511159
-1.1325437565388212,-1.2012012526587272
-1.158145427736055,-1.1434968133243908
-1.112970412969196,-0.8578210651076592
-1.1717344723932244,-0.9031388420910489
-1.093153680564439,-0.9826819884540579
-1.1523901897127091,-0.7724114187729421
-0.811379727773827,-0.9645195163783551
-1.159113420789987,-1.0914990162345428
-1.0266634820906613,-1.0150089838266707
-1.3370045172685041,-0.7113373953182682
-0.9844035426985139,-1.097643709193192
-1.1307189812697653,-0.8873543760923428
-1.2353544320859176,-0.8010079227911016
-1.2532183451588965,-0.676545759262134
-1.3776425505792234,-0.7683382176927762
-1.1914424642272707,-0.7113158245720785
-1.2831896645485992,-0.8821252278062447
-1.086576493614925,-0.8375434582827002
-1.4705032475809532,-0.5892411183707441
-1.4361806799023495,-0.7872380320434309
-1.569454775771523,-0.6064452582139062
-1.603700307612209,-0.7379189378046284
-1.5620656031435678,-1.0001315522967704
-1.4290718398511797,-0.9841828221819956
-1.5470099469283105,-0.8368170371913661
-1.2509623363597373,-0.6904308213705604
-1.5969377994376548,-0.6703082842464201
-1.6748500111371427,-0.6291560245990577
-1.6524472046101304,-0.5774756897109603
-1.377788508814521,-0.8491134255082752
-1.558589828544992,-0.45758643059174336
-1.547706274756828,-0.773371549256847
-1.7556092655365423,-0.45169884006302885
-1.5069548596909745,-0.7755682785347451
-1.8394079498055975,-0.44606690114477116
-1.4577956653025712,-0.3895590960974776
-1.4948247243176072,-0.2310952414244905
-1.5847170015568972,-0.6378149773268464
-1.6366791074114164,-0.5333095844279132
-1.5575594830423247,-0.45759784991862007
-1.6251723466290344,-0.5368938388933349
-1.8848696415051054,-0.33123420565558237
-1.8512848374320008,-0.5390727683800849
-2.051880685448217,-0.17088586223228314
-1.6726260728425424,-0.20087294863835814
-1.7626997603923773,-0.04296833433457731
-1.7511718749240583,-0.13161847778042185
-2.142691953517028,-0.03213109207192977
-1.7933460952597904,-0.2512285786450197
-2.0977030424464536,-0.3273843000654678
-1.8975221506882023,-0.04822775031935478
-1.8877954278158227,0.1534850769964632
-2.1054953943946453,-0.08944098896680147
-1.938565030540138,0.10272063099328116
-1.951196331919972,-0.1849190535620484
-2.086856088092886,-0.12672209563452008
-1.8282933166223454,0.27408889480587184
-2.097478486858298,0.20519970322207234
-2.051136046075823,0.2456582965619525
-1.9480659315386235,0.11353818524730784
-1.8824226024446804,0.09451544301727187
-2.3468935509893094,0.3094667842801542
-2.1700800255393466,0.20569163118449618
-1.9926080408190199,0.17817447867045266
-2.025633472224064,0.20312430632869588
-1.9244720537924989,0.4715495533319862
-1.9232699606249695,0.24226820935844634
-2.097161075767473,0.4488472522253414
-2.215253761659718,0.6192012955313899
-2.3096625264538844,0.40540970527422177
-1.9291608535948856,0.37400463433574266
-2.073355011717177,0.746175892418514
-1.981598540973771,0.5591571843350571
-2.051272313131855,0.430228856856664
-2.1595874838510745,0.4731786757732355
-2.4249186159719516,0.828638955027402
-2.32251929727905,0.5053053653584895
-2.456833997682345,0.5527973088153829
-2.2858931993454252,0.901823666966833
-2.077098425635553,0.8431622717738152
-2.2874932159473724,1.0954037947486737
-2.4492945564291717,0.8574938338426731
-2.2379783945105673,1.0170020521786856
-2.15555028559427,0.7942602273169921
-1.9946426169934042,1.0549915965268162
-2.23553927816359,0.9492397518356348
-2.2614187339455296,1.2164686043681954
-2.0546646829858757,1.0702877121191456
-2.168236919795401,0.9404195933180346
-2.1552653710071037,1.0659037874037072
-2.367608082361679,1.4031859739869281
-2.3835442079179314,1.0810891361719874
-2.109609961047258,1.3059240389730595
-2.0354828057658354,1.1101235425103535
-1.9529352320734343,1.3310380989437705
-1.944198962864244,1.5528222785790555
-2.106059424255211,1.4880864268653262
-2.297786303043906,1.3712793482327164
-2.196621027943958,1.6140655837870663
-2.2841217415703223,1.4982306552606004
-2.3129547851967804,1.6287069006288943
-1.90448643739268,1.8585771841214727
-2.0802867340668776,1.6370165677754307
-1.9776241627313254,1.9148087639434972
-2.003705866373336,1.5642443410041726
-2.2599213280146544,1.7961351010325537
-2.174895328784443,1.8005483898249532
-1.8908548237613143,1.9876816968169222
-2.21912617781926,1.846980615023065
-2.199374844805367,1.760767122343775
-2.1017118984274785,1.7744603198302569
-2.203033149546348,1.8650338568083757
-1.7978773277436828,2.001890682225255
-1.9712275681930524,2.1265508950511016
-2.0178648976596585,2.3076429584020186
-2.1617973092409812,2.0458914220144138
-1.8338134089717701,2.331393102670695
-1.9242712308600556,2.425341461009609
-1.655978530388294,2.171825212404283
-1.8127744352287984,2.4981239726610047
-1.7620004340418784,2.3549063406677178
-1.7874711533924323,2.4913154168598113
-1.9725164985709571,2.1902099081659543
-1.5441656328244413,2.619894562350127
-1.692687691358368,2.7199461280458443
-1.8735648086457648,2.4334098611267163
-1.6293167803294053,2.645783891788746
-1.592594842915491,2.7079731843406467
-1.3915650898335719,2.4699909222016943
-1.7095200111544684,2.6119806165054844
-1.350263025303661,2.6849296792653274
-1.341694116476093,2.8728598603644224
-1.5286067633966465,2.7441254231383474
-1.262425668365452,2.6491186358155283
-1.6815625703392936,2.8737743152251154
-1.478640185931353,2.8485675463384994
-1.6188996054218747,2.9766414382469875
-1.4351259809224581,3.0266034090608076
-1.1238091824326601,2.983095836478461
-1.1232700205682007,3.197489699271516
-1.2225832136854349,3.0979912041682325
-1.3817327023487862,2.832318143267679
-1.0275064337689075,3.2546858596066066
-1.1053661178762593,2.9307231248089876
-1.029660050148008,3.064426141306332
-1.1728398114806855,3.0093838529070287
-1.224206362491808,3.098233098028993
-1.104954745158239,2.9745110839464495
-0.8642055933185029,3.332566968995959
-0.8960535874789792,3.0929875270398184
-0.8602050190720476,3.4247200780378577
-0.6644925833674746,3.251800796166636
-1.0275264273516964,3.239203364913138
-1.0547823731874821,3.5998128562501974
-0.6634492188069671,3.4485896552393696
-0.8550402388164,3.5176226458470206
-0.8865779339436938,3.4565806814353826
-0.4382045411819266,3.523247532754888
-0.617060917312892,3.2910386902574986
-0.7134352524246577,3.4037958994240016
-0.5251641353661712,3.5745804441004023
-0.3307532726060665,3.7113547975386725
-0.392549681122616,3.5170586127982633
-0.2751171271688945,3.7282275694781033
-0.2993502625768606,3.7283223153742884
-0.26188917881604684,3.421842688846283
-0.2425146493110376,3.430855758878504
-0.09429285700270429,3.415573219864197
-0.19141854530951397,3.4519272085500963
-0.28832949724717394,3.5652626436131296
-0.3064723245629051,3.6618885312369307
0.10533176910735387,3.8966018913147265
0.05113306825773606,3.7883060130679143
-0.0507032306963289,3.9349481613353827
0.01449586137988887,3.853835148893773
0.18063886218163444,3.9856085372925967
0.3483580605891752,3.617469943303718
0.4963002270393424,3.707058941789596
0.3116198757402353,3.7416387412101537
0.3613042892957551,3.7944171806479634
0.2055463110152298,4.000277120138328
0.5500438905315637,3.695189333016161
0.2543961535402928,3.8364079826582063
0.5924350910657112,3.754542037306332
0.822655167776204,3.7008497194662984
0.7964345121545224,3.888742794655588
0.9276216707392493,3.912312799470602
0.7093254970612677,3.75663205940625
0.5988799185900409,4.015958285065864
1.060857509502204,3.816919514333965
0.8573700763127292,3.98302877955731
1.127588771019004,3.85785895610382
0.9242030562389767,3.65700577819396
1.2762232323639993,4.088254147053654
0.9351618356301254,4.08671119678921
0.9192148967174638,3.796770063619303
1.439355378141029,4.0458881730762535
1.0165986957998154,4.032080193111614
1.5019142528823708,3.8360685597504696
1.2377654064633847,4.0436323644388965
1.5194355790803484,3.6691822634596427
1.7099293490493852,4.038845960401211
1.503393349974052,4.061035221348799
1.373980099272555,3.8924571711361904
1.7860754880309042,3.6136719065544654
1.8496647036057021,3.7668806244683135
1.6288499882374614,3.9937581712960464
1.8374688610010712,3.8390790072746483
1.8613186205148122,3.748029161833508
1.7423324895947006,3.9368001925144407
2.0768028417226807,3.65295802888153
2.1258480904983728,3.8801323221033197
1.9282549720130469,3.881965295168526
1.9408338360686879,3.6872187477415332
2.2106083801200964,3.613160185588087
2.150635266839019,3.6786666667715284
2.1448029032620965,3.8879802043573926
2.3697347177592905,3.8266562516602027
2.2190411527111524,3.440925520224443
2.3383574719405558,3.7828234487501153
2.370595722990491,3.7987936301472134
2.4302655740665915,3.5727802961014326
2.6585835995386806,3.457683390050713
2.3808407974806434,3.4407792901882854
2.5160693531025373,3.4235591278291557
2.7202319191327393,3.526552184884002
2.8438666048915624,3.203565164435944
2.9788168515658477,3.2254689686359
2.630504016066761,3.1295666789671337
2.666652380255928,3.4595924379243757
3.099678137194218,3.4736930053373487
2.8517294133079845,3.352841277261007
2.8179128649946685,3.155983337344219
3.2966412300529644,3.2093979064417297
3.00731439492578,3.4243933914779876
3.154113296907151,3.338576852904205
3.015425724113269,2.9672345620691414
3.388247633438713,3.315823387200438
3.4252542150105585,3.272645296739812
3.1651349135174978,2.8287305473584707
3.395519289499493,2.7918910610936045
3.5417587027789517,2.744402250685502
3.427385035474129,2.749202866804194
3.775753457111062,2.8873009449538194
3.5514031651918394,2.582783726056716
3.4371108608661016,2.7180261971549156
3.8065234114181274,2.809879661515977
3.4792000620146464,2.662744529387971
3.7061857313592173,2.887584848004794
3.89036714606645,2.4908197752384194
3.881254369571219,2.7823817669927493
3.9461404340786257,2.7210652651448273
3.9821908322355375,2.480446557391832
3.852532999029156,2.376350797606027
3.9424591969023193,2.4338915304544715
4.194484361464945,2.145848597908886
4.228828295752372,2.469595355731048
4.2122043125629105,2.2882468834582017
4.306841648926316,2.1119107673541633
4.3500885886910154,2.066782318938662
4.134831702669637,1.8713090788096143
4.191767676587493,2.0738443881910706
4.428682182930514,2.237449087337492
4.238406872324201,1.8219282625295639
4.206942028788215,1.8086585904289918
4.2676938228048,1.638856255907526
4.639766865265046,1.969691411704961
4.48274015529626,1.6991556586025414
4.463526223969352,1.7897635225113597
4.313151247730154,1.5040260182001468
4.535987370571857,1.7731536410130773
4.34694063047636,1.4631578634904168
4.731414755938146,1.3184707258641817
4.7856522125383,1.2420170190341877
4.680973895724886,1.2774975714980805
4.670433420371157,1.3685628727101957
4.578602076345619,1.0767854001023978
4.663517515166524,1.083455739988525
4.756978480889713,1.183242959789741
4.85926070350436,1.1428600558043012
4.9997172971104655,0.8096951043827929
4.977569228083614,0.7648910066131378
4.954055625435973,1.1340184982338206
4.993726072161468,0.6161294997524515
4.673785855550286,0.7590146109435624
4.857898212867904,0.9028564858669719
4.938839687253928,0.8663815098529641
4.757455324634524,0.4815669493346807
4.839768429927651,0.3568980791899318
4.6874148789269645,0.6802293887566726
4.92796987810959,0.4575481546883667
4.889557217844659,0.0934405371026125
4.903829955016561,0.2900578268344852
4.745431303329475,0.23825548349548767
4.953113631529462,-0.01880534342680759
5.154156196237086,-0.04621498019923109
5.088484204424329,-0.08118466818727421
4.859701631217676,-0.28964416558097333
4.799311716452816,0.01926227025612781
5.1770807798966825,-0.13094945920758344
5.029254030094249,-0.2574112129449745
4.90094863228123,-0.29297715284439263
4.971408000907274,-0.570618908985215
4.923570561801929,-0.35098436579579545
4.941694609088757,-0.3185981259089705
4.860454149152591,-0.4296811093324415
5.215357189023182,-0.6975900404992728
5.248699011038278,-0.4791939299751561
4.891126232810408,-0.9912621347764188
4.861921544184322,-0.8842475744704419
4.772242664488186,-0.817970450525353
5.157159508517014,-0.9822688777935045
5.046253293893565,-1.205874534104137
4.823438355060898,-1.3151302207891924
4.967392477009752,-1.0148184159553706
4.791141239082895,-1.4688692221128852
5.036285191493077,-1.4687410631738134
4.957531393323406,-1.185317693884517
5.029074423215786,-1.3877368216834154
5.04044291824953,-1.2957188526879255
4.806287887773355,-1.4385098414115203
4.7125531440956205,-1.5756712173134322
4.638382458904735,-1.7056794732674962
4.943076940106384,-1.8591319804724096
4.578820139254292,-1.980239324360363
4.974131928850382,-1.9367101415740942
4.851352691620646,-1.9394884006221145
4.717491159276449,-2.00018274264421
4.973894919071514,-1.8995646341651933
4.862491324207799,-2.0196239978826744
4.694552893716407,-2.088788924057691
4.616382225333688,-2.5077243464589096
4.848584966169622,-2.4590816034696297
4.441011162264976,-2.2293087126959668
4.61702348657573,-2.4267274774731487
4.729834915764516,-2.558303004821927
4.642826994668119,-2.4979509090995244
4.45120358079939,-2.6617518985656226
4.642427831198562,-2.7221470960816356
4.2051106261873485,-2.9987501726296775
4.35635554673003,-2.9460367488845423
4.4344170037093,-3.105123403473536
4.08747817820117,-2.9232458825558942
4.340726736858505,-3.176389191864712
4.238937517171134,-3.365567733104865
4.076477882744804,-3.4088625625367013
4.009149954183658,-3.2582267426862694
4.001789134375319,-3.38615794939637
3.9586008460276063,-3.413454840593307
3.9099174893807525,-3.198460727206598
4.043099456770083,-3.425354223204596
4.158148002330828,-3.5266389859239617
4.1030192703743396,-3.6249293800075733
3.7080060957340186,-3.5400794375097715
3.640321581363982,-3.585045782426684
3.940797079033168,-3.5503369972107914
3.69122781572528,-3.983558291064688
3.9053717851572083,-3.9807199480267155
3.416597007309342,-3.949869511511513
3.7684442969105616,-4.08466180041299
3.3184657853315254,-4.243449122644866
3.4203993635174483,-4.038000926957847
3.410938325845379,-4.326025693384422
3.200417021837517,-4.161650750552622
3.2546060104857064,-4.411394903412803
3.436481156112319,-4.538134857062367
3.1865051332934504,-4.43622224726256
2.8984191140836715,-4.239647010650047
3.009348525050369,-4.426671835614226
2.8459095362561424,-4.488743672398784
3.119074088822408,-4.3825104250080384
2.738106300282488,-4.65479474831564
2.830227723432714,-4.786731253154827
2.9559209556541055,-4.555169793376339
2.5410785382133625,-4.669979116125943
2.467629945609954,-4.541330333336445
2.407269338098225,-4.755011898255791
2.4173687672840924,-4.712070552915534
2.6303516219756613,-4.713648863438244
2.3021222913382258,-4.686667973087787
2.1704391028176553,-4.848698460829812
2.2089210246890607,-5.019637731803103
2.170770376940033,-5.060000620783585
1.9412344415147131,-5.259750641944698
1.8383514433221018,-5.14805228620368
1.9011747042480136,-5.119151485320893
2.0990700977756855,-4.994730057798593
1.768021870020508,-5.440194880912218
1.8861257355775414,-5.062871003556024
1.731061085824643,-5.345900655292905
1.3813129174734486,-5.30635307666396
1.592871024377889,-5.408597893230539
1.3186874023105521,-5.214775232593218
1.1485394486506544,-5.372269600219307
1.2265080910364592,-5.262748786389859
1.4193272312181275,-5.22613562998244
0.9734566908841648,-5.230596244373729
1.1790359145430651,-5.404572880780025
0.8308728416139737,-5.659814881557931
1.151315046638582,-5.6283260854362345
0.6772680004817013,-5.414302385402342
0.5743594952693672,-5.324504122871082
0.6689037473261379,-5.646290607843175
0.6895433397556785,-5.599185067170861
0.5440923700494693,-5.448089090774397
0.5360218378756001,-5.598793138541255
0.24784512509520712,-5.603124954336999
0.06265818619415406,-5.699472690514921
0.20564511865864743,-5.674837327428224
-0.02369613152680254,-5.494272964480068
-0.10734043052031547,-5.761272173991263
-0.06858352212337082,-5.902161600598373
-0.06150589708186904,-5.656978120121879
-0.0416974655751996,-5.7569419452981645
-0.244423033078646,-5.4589868797183865
-0.39643246077922484,-5.547131429948839
-0.35697419228777333,-5.445522279966061
-0.7108211043753567,-5.709842053837813
-0.5736440533058617,-5.856312054676079
-0.4879097752476819,-5.546115045483754
-0.6200185105775842,-5.680860652085635
-0.8718186851081955,-5.7037244481011395
-0.8706262372756892,-5.494631759247217
-1.1355881220660178,-5.472776138005472
-0.8669918574095594,-5.695444554319445
-0.9823261294224074,-5.5849537998780505
-1.3084552777767116,-5.717531553954826
-1.5473712018737205,-5.383847236967803
-1.3829201249952279,-5.4183247701252375
-1.2773302107103044,-5.511978946701654
-1.8098815008067182,-5.453106644042782
-1.6629686868828975,-5.716996773915124
-1.6905556221190554,-5.42393163094445
-1.705527192062026,-5.664272827047366
-1.747995846978017,-5.4009602511107575
-2.0418598038728693,-5.319270995884464
-1.8888052383828156,-5.437747027997273
-2.115710828376385,-5.273766312016176
-2.1134038814498615,-5.239051291922423
-2.1632767721337163,-5.5362999190857485
-2.2293652599878717,-5.276486403507716
-2.6540218090336842,-5.404927812262048
-2.4991616270969637,-5.45747807097876
-2.8381565018226453,-5.501402235764746
-2.4848951856266615,-5.023735205850642
-2.9347798654084203,-5.35932229971612
-2.744283381299268,-5.164811411126409
-2.8219115886297867,-5.192545584666427
-2.8732063688073604,-5.335184984817902
-3.0581682987085914,-4.8569568389375934
-3.121530436469344,-4.9158404854839
-3.50288244973354,-5.186034495906572
-3.2905983577909725,-5.1149958617884685
-3.3952935130217856,-4.999429626805529
-3.347653559146952,-5.0350444088853745
-3.6704508275218943,-4.675787833204857
-3.6281873391823405,-4.955488322700974
-3.6072570123974144,-4.862632853950814
-3.6463610953756582,-4.702353232599859
-3.8118600605528354,-4.690319065494633
-4.149018079225927,-4.421103074344611
-3.8091762513404737,-4.766600200005506
-4.123106643789764,-4.52958902926782
-4.09602748003115,-4.36780948972306
-4.161403574282334,-4.472335205895295
-4.467023256061226,-4.5568789366699685
-4.21112929156464,-4.369289972499796
-4.620332236833525,-4.1870604940217975
-4.504052660079767,-4.373923948551537
-4.492996697966213,-4.184077836373511
-4.877612280530772,-4.122644252233199
-4.796390403470944,-3.7562949716791865
-4.653177132681658,-4.044298042705724
-5.04678267455726,-4.0164198067729755
-4.748343837137981,-3.887375193120466
-4.829726824768078,-3.503918445574582
-4.976969198476063,-3.7954550540168017
-5.0854942478150615,-3.5386139128317393
-5.26251202138135,-3.409252842604891
-5.400770623985736,-3.295304603707817
-5.120853823644927,-3.34312438917104
-5.572922804649023,-3.338055913011132
-5.579683186769942,-3.31746717243307
-5.627053941939139,-3.3695987340487656
-5.50837746466215,-3.0849511550581497
-5.616892220515407,-2.9210860495418984
-5.671835147945931,-3.0707885943307915
-5.423053984771334,-2.645717246236752
-5.725920470788588,-2.9739255391205375
-5.615024629873562,-2.8158869713584953
-5.678942633681434,-2.7074593089239563
-5.6312194378035585,-2.597254074014742
-6.035134694804422,-2.472279249391112
-5.91486946960785,-2.1924895314881474
-5.984282560735993,-2.1960011083250275
-5.945020907732286,-2.146619963656053
-5.868624910501032,-2.056274464599994
-6.1899926422339995,-2.2885167644150157
-6.348222085855842,-1.7755100872060232
-6.364737108245817,-1.8353239707815887
-6.203157404551553,-1.6972181507123194
-6.370087508438056,-1.9570997918826778
-6.554202283040371,-1.88331115300938
-6.4869752252941915,-1.6404768243930121
-6.29343239379141,-1.6649508956559882
-6.316512249827894,-1.356255606406609
-6.24853635063173,-1.363892448071764
-6.294982774833452,-1.1930371622892608
-6.52362593646662,-0.9162106353678745
-6.532195001988748,-1.1408323280937485
-6.382217962126444,-0.8485140711164012
-6.558148867766455,-1.047813858501066
-6.536305303968051,-0.538452050223194
-6.888866514479272,-0.559476822838959
-6.550353124515907,-0.3927496587263712
-6.4609089592010704,-0.40186799416395214
-6.563616470694781,-0.2837911570963874
-6.801648930537482,-0.0606938040598598
-6.926242081065486,-0.15026275969674763
-6.958503873013157,-0.2646152633081955
-6.946766099233809,0.164835686938264
-6.959034256302832,0.2521003055145026
-6.651543626359888,-0.002877985100903202
-6.728942326399382,0.21867896932612524
-6.649873808690729,0.585027250988674
-6.779080939351073,0.6240353890435091
-7.069797325541605,0.31159603907411687
-6.767396819808397,0.8477698930441967
-6.683960495662884,0.6412317222685054
-7.097070848000191,1.0879856830637709
-6.629959873873667,1.1445044866248475
-6.857616483460634,1.177006593816067
-6.7192896649661344,0.9791329091720594
-6.93492732171979,1.4322788751570348
-6.735744398865923,1.2748493197841961
-6.929339964642696,1.3403920809080283
-6.759686678270194,1.6527438470396083
-6.57965821579793,1.732777081244301
-6.6644656782892095,1.767784281548006
-6.615637467918517,1.6011798398207844
-6.900092948547987,2.0436505775658174
-6.565701806340951,1.9448916151575413
-6.898897069197117,2.0454699228220763
-6.563863074738231,1.9852057193469461
-6.889936330481395,2.5348854138621753
-6.706374039589803,2.608220672768032
-6.611037980854998,2.553824587924978
-6.764252051375582,2.666031141048374
-6.673843888830147,2.8735576554470375
-6.469220695259692,2.7998691804197247
-6.458158359524944,2.7483249514018024
-6.517196684485053,2.9514973941669806
-6.738902526632836,2.9132652903100724
-6.600809754703488,2.9841918177547133
-6.321833680471769,3.297881078861549
-6.269407456272676,3.5198406095802266
-6.593935580401603,3.2979842291638373
-6.210691970767195,3.784684931467058
-6.145983758096667,3.7930138750843287
-6.522854068067715,3.971961504575101
-6.359669174371105,3.845960688128152
-6.071405304062648,3.9187373126843372
-6.05868461428056,3.8090276653362487
-5.937271889373346,3.9012067122544347
-6.173502040138246,4.242222310786658
-6.092826265959129,4.26949742172461
-6.025616093982618,4.500539904460727
-5.81378583887599,4.553106771392073
-5.734312124193681,4.696633952461885
-6.029424473948178,4.672405036909683
-6.040385219876166,4.739423205919416
-5.651613118696056,5.0961043680805505
-5.614135269997199,4.83613962425234
-5.604997245208736,4.862483906763733
-5.501451261684459,5.2134641726560975
-5.401103291571002,4.9621146360180814
-5.587790516703034,5.337531069671324
-5.483243855787011,5.450993154100344
-5.186702575514274,5.568931783812934
-5.176809744767327,5.434867193691484
-5.22862383921968,5.801619381802673
-5.0520757695205045,5.65840146174728
-5.071979348232308,5.914359676403047
-5.141615786244147,5.965309330841981
-4.678329937248482,6.068851324492941
-4.9275384273930225,5.907729092915564
-4.718434785905211,6.13765593046522
-4.52868991931686,6.341538708828033
-4.779650593288303,6.32003326570698
-4.33140729675872,6.450060667781169
-4.46759711029478,6.159112411094028
-4.191067363485998,6.553075559905698
-4.4188080278500115,6.374291838004356
-4.480179256928307,6.628750949713415
-4.079652608885533,6.8881045310469835
-4.0560086509739515,6.816269294253755
-4.106169924876007,6.6382331745492476
-4.126207211088824,6.672664499436198
-3.962584677827447,7.175837038855673
-3.883633239516802,7.034232251538168
-3.62160129667311,7.2656995610867945
-3.4220373650035114,7.09630788937875
-3.450832557693204,7.328931394602125
-3.2461794406681275,7.366874104901568
-3.433809708576115,7.069527790601279
-3.3257231313257005,7.326497761711065
-2.857327570251613,7.179787475913841
-3.1998927899172553,7.508068851851514
-2.955501566928438,7.767591348956959
-2.8460798706792634,7.692363620809513
-2.748438431848335,7.417914593571104
-2.414440306686354,7.803055629592134
-2.5734630857970084,7.539064997281253
-2.276533324725599,7.770336874243976
-2.3584562630566306,7.783556796088956
-2.160506530154284,7.855237836813838
-2.103045398948506,7.863285825085344
-1.8361408238425798,7.819205264684662
-1.9120553805081126,8.075026710539086
-1.5805511727950479,8.166785195410386
-1.8169455480727288,8.129058642433792
-1.8630674830792533,8.149309621931085
-1.4781422564660556,8.320976092151147
-1.3431282081505895,8.041636418456287
-1.538513241416871,8.43176561753865
-1.127222441094267,7.987066957069789
-1.3232028528131021,8.26880631425987
-0.7455502527206774,8.32933312321155
-0.7994338978829325,8.281997452814139
-0.7344688244791863,8.356772194794363
-0.8344540833517902,8.299582378193378
-0.785934614813105,8.385290151471025
-0.3041261749356637,8.287545059037951
-0.19244826946322352,8.623705513546849
-0.34150800362067474,8.681661875359131
-0.3345806813596906,8.281296656337538
0.22175638469342424,8.333623902241186
-0.001220237484409803,8.589042970146915
0.20995424117708458,8.680462943733998
0.2674770735253043,8.479063477917132
0.510780770512325,8.421823365222863
0.36316433484079513,8.686258299864491
0.8617946814348698,8.533393481361005
0.952711041542649,8.356595778182328
1.0480079157403723,8.439928677644213
0.9836778029401871,8.380440765081017
0.9807480174198134,8.326347532238303
1.4194103520332602,8.775714931534
1.243308556729491,8.583060877561584
1.5055732699725695,8.275104363993272
1.7455600612919753,8.510319868843506
1.5370288115922128,8.349427658735877
1.747638209109053,8.731210405456913
2.174804353497205,8.644681743424211
1.8832249322018735,8.557147946811321
2.241600346471273,8.592167014430142
2.180289401137575,8.28032868727387
2.318291234162421,8.37087082560702
2.4593224756123555,8.39119696434088
2.6832611465205343,8.135056346444374
2.9579934707513194,8.354532123311463
2.8264281246611227,8.0790794656413
3.0984672960093933,8.498506521255107
3.1535513106532327,8.42666244213895
3.363086922915489,8.21180994307273
3.1263867254818343,8.143161363337105
3.219587784278574,8.190877647688746
3.6941883926422387,8.190871631536169
3.5754015651634723,7.895245950397041
3.6456854790917417,8.042188892573465
3.843696655802859,7.869214430771116
4.203357396958893,8.095099774785188
3.9482713895488732,8.130586712045448
4.323009844594777,7.891664010173951
4.102501899015302,7.691268218631219
4.653696806702504,7.564700021818488
4.622496002039757,7.675719829579165
4.390927992047418,7.768084935830366
4.485471356119145,7.662088294180934
5.080082556198266,7.4734904062223295
4.757697672615612,7.6085396056773575
5.006360397437279,7.384379507397781
5.21646505715277,7.243965511513329
5.303285436874569,7.287404583184
5.246097103726168,7.289111967347903
5.620488297679391,7.191448295085201
5.580338644640978,7.141779336871384
5.420669102231859,6.979312427590071
5.667326903335162,7.005697934503287
5.773241188885751,7.016532820777416
5.763177630618625,6.960223211687666
6.192225765649676,6.952624766534615
5.96465047013582,6.787257026843987
6.072867351928871,6.626596933551919
6.344975043838949,6.673504909742406
6.439476472617875,6.568019294724156
6.697384244477299,6.488985381035036
6.4355986733668535,6.233356639713074
6.648060757918419,6.086548206319112
6.775434356196047,6.100620931827882
7.062791032131587,6.061764898649018
6.807528030062133,6.277452169173426
6.924054886752808,6.093113546277134
7.041676661830408,5.715660368342318
7.069754684686917,5.876562842708242
7.419916723600456,5.528916890322643
7.391329166463852,5.809558645002019
7.27130591620392,5.621381047806335
7.369959865952849,5.642162311414647
7.787170144362688,5.151552342378073
7.800728461517573,5.028133019814803
7.933948140415344,5.257586565292212
7.640628686916851,5.143012188325434
7.704848585527366,4.73292298985158
7.946035266746391,4.808241413125116
8.181575008246366,4.8004416525185185
8.303377120598544,4.778892644381744
8.092559294227211,4.541961218952534
8.365853379283447,4.502230213222556
8.566067819625982,4.516655792295337
8.64975355630228,4.478659814156954
8.667566876210296,4.071774154517149
8.571955537033395,3.8835014061204953
8.372557069711522,4.097040388424006
8.745990975647423,3.6492438105031173
8.528660911286414,3.533404409607324
8.74451336309697,3.475408486890325
8.631034666905745,3.5341022972802905
8.733631755629187,3.4887515511291896
8.770797638272184,3.3419175364904605
9.038933010137391,2.91828553610768
8.771812391964419,2.9702437539313675
9.129236188737861,2.9834547560294746
8.979655781069457,2.5383756993266675
9.094578168802137,2.423859264960253
9.263355234331193,2.4694684700729828
9.358431268865225,2.3762254292901974
9.125457693189631,2.1991887797909246
9.352283810640902,2.0446694397384113
9.406659007387201,2.2311965051790414
9.436007835502629,2.179795743773132
9.508430385330184,1.7038505047765244
9.289030489249265,1.8008537411734424
9.324770910296518,1.4876374858506716
9.635855403757693,1.3832700971478495
9.319613878576513,1.1935230643629524
9.670235009868723,1.0679412213521078
9.456239801855538,1.0871958168651856
9.390617924104058,0.8420733181863131
9.714679849089551,0.5776106745423264
9.650617656261936,0.5628192741844138
9.552576540560926,0.510151507935013
9.734293916649461,0.5596007735693128
9.6160689878373,0.4246325595127236
9.4615662033457,0.20326023854790415
9.707550523555586,-0.021601325352860468
9.63582214430056,-0.1775476275670007
9.783398992663948,0.01168659031792113
9.767227764179413,-0.27583119724269706
9.496554882055943,-0.5413047639122233
9.819139689037907,-0.5726111673157153
9.7697090332445,-0.6972628819802942
9.591329608058981,-0.7285180707135948
9.561509349800275,-1.1043361609793074
9.695487549951777,-0.9450103529427794
9.623111430864585,-1.1333399817341576
9.689674390029348,-1.365265057542527
9.427183507786966,-1.5317292144463883
9.425202123009598,-1.61136901091572
9.810174101021042,-1.5734358655844543
9.582365722277371,-1.7809206865688683
9.444390375430405,-1.8345694589174635
9.538517232947836,-1.9279133001801796
9.294997400701181,-2.301740836883248
9.70682912924472,-2.2065248428048254
9.335950755797473,-2.368786419823287
9.60360883617678,-2.5570415977635763
9.244667796829143,-2.595588325231823
9.171233675553133,-3.116005270388308
9.119751863253663,-3.20394266859545
9.474151492243076,-3.3079066229112732
9.381796111407363,-3.500653667022981
9.334482877971519,-3.348945786050055
9.193044052836148,-3.6058887886185924
9.322685395115535,-3.6885712033196048
9.339304740310075,-3.8968157892991444
8.907273509803392,-3.71089467699398
8.985496370167178,-3.987220752141295
9.185719568731296,-4.048092817305955
8.963536996215124,-4.376509670328521
8.982925844392843,-4.58247453397914
8.659368677035667,-4.561231889759637
8.88840002353334,-4.765415720915149
8.828399903413382,-4.561468328698092
8.653398324956585,-4.815415084456818
8.569728762198492,-5.241416201705946
8.430346710499245,-5.11501954243986
8.37025296638086,-5.2874609707282545
8.494007253450247,-5.346286044445003
8.145159064501103,-5.470500225268027
8.347920842225605,-5.798618982609558
8.097752750100229,-5.753691803820238
8.320325171201837,-6.017595856719492
7.787566968504118,-5.787624246241531
7.980481425630186,-6.123717080106714
7.597721901158058,-5.986710499810378
7.5381890367093725,-6.11677431434335
7.9229717826758606,-6.154921726625631
7.643585127893314,-6.479077323806383
7.579425676636169,-6.854686822448913
7.599542428853319,-6.544215041414762
7.4062279561853845,-6.6192759766099245
7.189993745878522,-6.892288692935991
7.155964302947486,-7.207368990152099
7.037397584143493,-7.199580114086512
7.033632189229768,-7.239620906846692
6.886371025741951,-7.374208712734045
6.554448749203967,-7.392757822253811
6.506661123390416,-7.347601796955455
6.616697146419904,-7.5403985211930165
6.43996467584174,-7.959456732558324
6.223783135247918,-7.855567849006926
6.324716808216612,-7.886236579713641
6.237913982341202,-8.145613886401227
5.913334364026104,-8.189060186666476
6.004639718171208,-8.064462944045488
5.711790283845015,-8.118027870315137
5.807671036833637,-8.357785115473032
5.4790648168377984,-8.506763270006077
5.509809866467199,-8.391606301637633
5.543499808659649,-8.62728346399335
5.206924675348034,-8.83240830952269
4.966159428249842,-8.67328439203013
4.959418830812248,-8.753838456140857
4.869536660917346,-8.708090319313698
4.884654199600346,-9.056388036573939
4.709283452359612,-8.999607287267779
4.4647619109864385,-9.239392339303032
4.419566019106136,-9.108943136105447
4.431902918959693,-9.1305061432804
4.229157430620848,-9.347333830315575
3.90272936200347,-9.184465196062476
3.7230149984173737,-9.554614796594501
3.9255558939031427,-9.24717959819089
3.4842076804795408,-9.566919469654795
3.621598534677714,-9.764871181915039
3.5277842098168026,-9.80592491155993
3.2421267387842803,-9.591892875922017
3.2323860732697867,-9.618854175626945
2.916460430084473,-9.90633461441107
2.6602973680069724,-9.664254881493617
2.793763257713961,-9.897816284690826
2.767322728848883,-9.924925058375132
2.4439124401867374,-9.972461913519947
2.1900112526456175,-10.195514894104715
2.416638345696104,-9.796621521348008
1.9770239631677993,-9.841276084013913
1.9951822777801431,-10.208932770145694
1.7126768226192834,-9.904790151585582
1.465813974705736,-9.918679232928703
1.3662793603962835,-10.210589913308747
1.2222104108096814,-10.376867543810008
1.03164704918643,-10.00393326503206
1.1296701010567,-10.173739429338468
1.1372543375481454,-10.371877486830604
0.6869782123069051,-10.15772100276985
0.7675186997510015,-10.55767872802186
0.5962255514496037,-10.500205086493896
0.4581460609762128,-10.205790691603934
0.26100765062330805,-10.437511781152756
0.2657321716569274,-10.400813998781167
0.04053720884187262,-10.357464797805969
-0.3163576363945847,-10.19236528376327
-0.2752833657328217,-10.293055194486838
-0.5772774264410085,-10.44209126485694
-0.8893524713337819,-10.459005940163365
-0.8999133903343457,-10.604204945951556
-1.0478887255002318,-10.194288589441879
-1.118306648873052,-10.575709088960863
-1.0956471872352487,-10.377554499695323
-1.4201450261170012,-10.497785228282405
-1.6701418428720176,-10.52470993834427
-1.5397354625869528,-10.389964796482515
-1.6593014894015996,-10.176914896760309
-1.943678332006478,-10.087419400385789
-2.269241692968833,-10.228639120006097
-2.4275358346857683,-10.152052270208932
-2.6690494496422543,-10.26775759099229
-2.3733249292145193,-9.96502260233003
-2.7534529309727214,-10.177468123516244
-2.7689245668980553,-10.058780428596995
-2.936798533718596,-10.188019118674395
-3.0236739016952487,-10.22432609591472
-3.2099057429980467,-9.980271097737129
-3.2162969701353403,-9.88556725954246
-3.7110024698716293,-9.88037859612283
-3.632965269481198,-9.799393986836655
-4.00684102707052,-10.041232099610022
-4.113035651912765,-10.015486428953238
-3.958016995641313,-9.647028220870512
-4.4307849269194115,-9.806516088747353
-4.51317278493718,-9.762850804435386
-4.668740511954172,-9.561437697890431
-4.895234205327172,-9.354314265190139
-4.795259325616625,-9.553467374891127
-4.723624165461721,-9.167879782626736
-5.151602307838518,-9.362924176403432
-5.122076616253928,-9.486986812376866
-5.597001113132683,-9.24435394951749
-5.341299713979468,-9.336710891615635
-5.764975782140142,-8.838098324977697
-5.89351207758608,-8.829766695328443
-5.869193633434518,-9.16231173771938
-5.90883703379564,-9.075868031496201
-6.3035560314298325,-8.736319554287354
-6.4433659772172795,-8.569529490770451
-6.236719436258994,-8.561511095785796
-6.616615788553746,-8.675536119298888
-6.883424572290003,-8.299048464996648
-6.670255292429637,-8.475498879704576
-6.969744338133041,-8.11053593746767
-7.213222581458022,-8.256704677105073
-7.185066356392363,-8.29992463238839
-7.038772017806581,-8.180931863714601
-7.3892446699931735,-7.759163899165542
-7.2811115737786505,-7.601548112224406
-7.524656491995814,-7.794815956406422
-7.733125310105331,-7.837754454738788
-7.795215483042407,-7.507613781060363
-7.831538845998205,-7.327221887350702
-8.062686018301354,-7.270368513664792
-7.995292084145113,-7.114910053034435
-8.08197962445021,-7.210818830412312
-8.425778660978368,-7.199566893064851
-8.316808222068936,-6.836816089444303
-8.805989712120427,-6.799840176326105
-8.613792883115934,-6.4743587908025715
-8.759418499888934,-6.322300943313162
-8.919841408665947,-6.14358527441464
-9.095346090965402,-6.221150604670876
-8.945161601806646,-6.305238409380995
-9.193352786148402,-6.064659513972499
-9.360722758276614,-5.9340910498082104
-9.319681117827963,-5.733124519837607
-9.23681150603769,-5.8069014897181725
-9.321534936110362,-5.524351785019726
-9.657663354138881,-5.267482359133278
-9.969448050192346,-5.045820881807014
-9.62266955284264,-5.318299928650253
-9.822217105851635,-4.893624514129369
-10.059231664000778,-4.842360300340168
-10.120052766732732,-4.765687688898845
-10.323895557131383,-4.621907118926489
-10.406731229681053,-4.278033382683515
-10.10876194528458,-4.277083586198008
-10.173162220474973,-4.094586591823017
-10.586758303766674,-4.133463251791639
-10.326778968282438,-3.8970248300310666
-10.683616407823354,-3.631054690859849
-10.548969300657156,-3.775060363185013
-10.623270121091922,-3.6125049652365395
-10.845009028227992,-3.2431154174521732
-10.606970546978957,-3.193865115688476
-10.88279504169398,-2.999977094725042
-10.658811357917031,-3.0018728378382296
-10.828609466209262,-2.7567509367700014
-10.948347620506636,-2.395786692315631
-11.119806538824053,-2.158303847075651
-11.24608746013854,-2.049347652554962
-10.89003230116069,-1.8670690616042482
-11.404818217843419,-2.055567071326001
-11.323684992971815,-1.6639576620836074
-11.167171278306046,-1.7440377226422594
-11.16360316281232,-1.2992884206118427
-11.42385143505293,-1.0886062256838789
-11.449499907301401,-0.9351696834122414
-11.160246644815453,-1.0355465237546626
-11.653653445790656,-1.0741444111533474
